name,handedness,height,weight,avg,HR
Omar Moreno,L,74,180,0.252,37
Mark Belanger,R,73,170,0.228,20
Rey Quinones,R,71,160,0.243,29
Walt Bond,L,79,228,0.256,41
Danny Cater,R,72,170,0.276,66
Billy Conigliaro,R,72,180,0.256,40
Dave McKay,B,73,195,0.229,21
Len Gabrielson,L,76,210,0.253,37
Jackie Hernandez,R,71,165,0.208,12
Bruce Bochy,R,75,205,0.239,26
Eddie Leon,R,72,170,0.236,24
John Stearns,R,72,185,0.26,46
Jack Brohamer,L,70,165,0.245,30
Jim Nettles,L,72,186,0.22,16
Mike Tyson,R,69,170,0.241,27
Rich Dauer,R,72,180,0.257,43
Bill Voss,L,74,160,0.227,19
Craig Reynolds,L,73,175,0.256,42
Art Howe,R,74,190,0.26,43
Mike Diaz,R,74,195,0.247,31
Terry Harper,R,76,195,0.253,36
Juan Marichal,R,72,185,0.165,4
Bill Russell,R,72,175,0.263,46
Lou Piniella,R,72,182,0.291,102
Andy Messersmith,R,73,200,0.17,5
Ted Ford,R,70,180,0.219,17
Bob Stinson,B,71,180,0.25,33
Benny Ayala,R,73,185,0.251,38
Lee Lacy,R,73,175,0.286,91
Jerry Grote,R,70,185,0.252,39
Rich McKinney,R,71,185,0.225,20
Jerry McNertney,R,72,180,0.237,27
Carl Warwick,R,70,170,0.248,31
Ken Boswell,L,72,170,0.248,31
Bill Almon,R,75,180,0.254,36
Norm Miller,L,70,185,0.238,24
Barry Bonnell,R,75,190,0.272,56
Jerry Turner,L,69,180,0.257,45
Steve Henderson,R,74,190,0.28,68
Jake Gibbs,L,72,180,0.233,25
Darrel Chaney,B,74,188,0.217,14
Carmen Fanzone,R,72,200,0.224,20
Kurt Bevacqua,R,72,180,0.236,27
Julio Cruz,B,69,165,0.237,23
Jim Essian,R,74,195,0.244,33
Chico Salmon,R,70,160,0.249,31
Phil Bradley,R,72,185,0.286,78
Tom Paciorek,R,76,215,0.282,86
Jim Mason,L,74,185,0.203,12
Bill Nahorodny,R,74,200,0.241,25
Cap Peterson,R,74,195,0.23,19
Eddie Milner,L,71,173,0.253,42
Cookie Rojas,R,70,160,0.263,54
Johnny Lewis,L,73,189,0.227,22
Merv Rettenmund,R,70,190,0.271,66
Gary Allenson,R,71,185,0.221,19
Tom Satriano,L,73,185,0.225,21
Lou Johnson,R,71,170,0.258,48
Leron Lee,L,72,196,0.25,31
Mike Anderson,R,74,200,0.246,28
Syd O'Brien,R,73,185,0.23,24
Steve Whitaker,L,72,180,0.23,24
Gary Gray,R,72,187,0.24,24
Steve Braun,L,70,180,0.271,52
Thurman Munson,R,71,190,0.292,113
Billy Grabarkewitz,R,70,165,0.236,28
Ron Woods,R,70,168,0.233,26
Enos Cabell,R,76,170,0.277,60
Steve Lombardozzi,R,72,175,0.233,20
Bobby Mitchell,R,75,185,0.235,21
Dick Nen,L,74,200,0.224,21
Chuck Schilling,R,70,160,0.239,23
Alex Johnson,R,72,205,0.288,78
Bob Forsch,R,76,200,0.213,12
Alan Knicely,R,72,190,0.213,12
Mike Easler,L,72,190,0.293,118
Duane Walker,L,72,185,0.229,24
Frank Duffy,R,73,180,0.232,26
Al Ferrara,R,73,200,0.259,51
Brant Alyea,R,75,215,0.247,38
Rob Wilfong,L,73,180,0.248,39
John Orsino,R,75,215,0.249,40
Jerry Royster,R,72,165,0.249,40
Paul Householder,B,72,180,0.236,29
Vic Harris,B,71,165,0.217,13
Lenn Sakata,R,69,160,0.23,25
Bob Jones,L,74,195,0.221,20
Rick Renick,R,72,188,0.221,20
Bob Kearney,R,72,190,0.233,27
Ned Yost,R,73,190,0.212,16
Mike Hargrove,L,72,195,0.29,80
Bill Madlock,R,71,180,0.305,163
Bobby Brown,B,74,190,0.245,26
Floyd Robinson,L,69,175,0.283,67
Roy Foster,R,72,185,0.253,45
Cesar Geronimo,L,72,165,0.258,51
Wes Parker,B,73,180,0.267,64
Tony Gonzalez,L,69,170,0.286,103
Terry Crowley,L,72,180,0.25,42
Hector Torres,R,72,175,0.216,18
Ron Oester,B,74,185,0.265,42
Jim Anderson,R,72,170,0.218,13
Bill Stein,R,70,170,0.267,44
Larry Haney,R,74,195,0.215,12
Tito Fuentes,B,71,175,0.268,45
Byron Browne,R,74,190,0.236,30
Dave Revering,L,76,210,0.265,62
Pete Rose,B,71,192,0.303,160
Gary Sutherland,R,72,185,0.243,24
Luis Tiant,R,72,180,0.164,5
Coco Laboy,R,70,165,0.233,28
Cleon Jones,R,72,185,0.281,93
Dick Billings,R,73,195,0.227,16
Al Downing,R,71,175,0.127,2
Dave Roberts,L,75,195,0.194,7
Marvell Wynne,L,71,175,0.247,40
Bucky Dent,R,69,170,0.247,40
Nelson Mathews,R,76,195,0.223,22
Rick Burleson,R,70,165,0.273,50
Glenn Hoffman,R,73,175,0.242,23
Juan Beniquez,R,71,150,0.274,79
John Stephenson,L,71,180,0.216,12
Billy Smith,B,74,185,0.23,17
Mike Cubbage,L,72,180,0.258,34
Dick Simpson,R,76,176,0.207,15
George Smith,R,70,170,0.205,9
Derrel Thomas,B,72,160,0.249,43
Manny Trillo,R,73,150,0.263,61
Floyd Rayford,R,70,190,0.244,38
Tony Solaita,L,72,210,0.255,50
Steve Carlton,L,76,210,0.201,13
Jim Price,R,72,192,0.214,18
Johnnie LeMaster,R,74,165,0.222,22
Charlie Moore,R,71,180,0.261,36
Len Matuszek,L,74,190,0.234,30
Ron Jackson,R,72,200,0.259,56
Bruce Bochte,L,75,195,0.282,100
Wayne Comer,R,70,175,0.229,16
Glenn Borgmann,R,76,210,0.229,16
Bill Sample,R,69,175,0.272,46
Jerry Mumphrey,B,74,185,0.289,70
Fred Kendall,R,73,185,0.234,31
Ed Ott,L,70,190,0.259,33
U L Washington,B,71,175,0.251,27
Joe Gaines,R,73,190,0.241,21
Jerry Buchek,R,71,185,0.22,22
Chris Cannizzaro,R,72,190,0.235,18
Kevin Bell,R,72,195,0.222,13
Steve Swisher,R,74,205,0.216,20
Tony Cloninger,R,72,210,0.192,11
Ivan Murrell,R,74,195,0.236,33
Ted Uhlaender,L,74,190,0.263,36
Rick Manning,L,73,180,0.257,56
Dan Briggs,L,72,180,0.195,12
Howie Goss,R,76,204,0.216,11
John Hale,L,74,195,0.201,14
Joe Azcue,R,72,190,0.252,50
George Wright,B,71,180,0.245,42
Charlie James,R,73,195,0.255,29
Champ Summers,L,74,205,0.255,54
Clint Hurdle,L,75,195,0.259,32
Mickey Brantley,R,70,180,0.259,32
Rowland Office,L,72,170,0.259,32
Jim Traber,L,72,194,0.227,27
Chris Bando,B,72,195,0.227,27
Rich Rollins,R,70,185,0.269,77
Lamar Johnson,R,74,215,0.287,64
Steve Huntz,B,73,204,0.206,16
Bob Johnson,R,70,175,0.272,44
Al Luplow,L,70,175,0.235,33
Joe Lefebvre,L,70,170,0.258,31
Jesse Gonder,L,70,180,0.251,26
Rob Picciolo,R,74,185,0.234,17
Gene Michael,B,74,183,0.229,15
Don Leppert,R,74,220,0.229,15
Rich Reese,L,75,185,0.253,52
Mitchell Page,L,74,205,0.266,72
Willie Smith,L,72,182,0.248,46
Dave Rader,L,71,165,0.257,30
Tony Horton,R,75,210,0.268,76
Buck Rodgers,B,74,190,0.232,31
Bob Uecker,R,73,190,0.2,14
Hal Breeden,R,74,200,0.243,21
Bobby Clark,R,72,190,0.239,19
Orlando Mercado,R,72,180,0.199,7
Garry Maddox,R,75,175,0.285,117
Joe Lis,R,72,175,0.233,32
Angel Mangual,R,70,178,0.245,22
Roger Freed,R,72,190,0.245,22
Al Bumbry,L,68,170,0.281,54
Harry Spilman,L,73,180,0.237,18
Vic Correll,R,70,185,0.229,29
Luis Pujols,R,74,175,0.193,6
Bob Burda,L,71,174,0.224,13
Johnny Grubb,L,75,175,0.278,99
Larry Cox,R,70,178,0.221,12
Mike Hershberger,R,70,175,0.252,26
Fernando Gonzalez,R,70,165,0.235,17
Carlos May,L,71,200,0.274,90
Ken Gerhart,R,72,190,0.221,24
Jerry Hairston,B,70,170,0.258,30
Steve Brye,R,72,190,0.258,30
Ray Knight,R,73,185,0.271,84
Gene Alley,R,70,160,0.254,55
Felix Torres,R,71,165,0.254,27
Jerry Moses,R,75,210,0.251,25
Tim Foli,R,72,179,0.251,25
Mike de la Hoz,R,71,175,0.251,25
Ron Hodges,L,73,185,0.24,19
Freddie Patek,R,65,148,0.242,41
Marty Perez,R,71,160,0.246,22
Dick Dietz,R,73,195,0.261,66
Dave Stapleton,R,73,178,0.271,41
Dave Campbell,R,73,180,0.213,20
Mike Ivie,R,75,205,0.269,81
Bump Wills,B,69,172,0.266,36
Doug Ault,R,75,200,0.236,17
Tommy John,R,75,180,0.157,5
Lou Brock,L,71,170,0.293,149
Leon Roberts,R,75,200,0.267,78
John Ellis,R,74,225,0.262,69
Chuck Hiller,L,71,170,0.243,20
Jack Heidemann,R,72,175,0.211,9
Ken Berry,R,72,175,0.255,58
Ray Culp,R,72,200,0.123,1
Jim Rooker,R,72,195,0.201,7
Jim Maloney,L,74,190,0.201,7
Keith Hernandez,L,72,180,0.296,162
Rich Morales,R,71,170,0.195,6
Chris Brown,R,72,185,0.269,38
Jim Lonborg,R,77,200,0.136,3
Alex Trevino,R,70,165,0.249,23
Ted Savage,R,73,185,0.233,34
Ed Goodson,L,75,180,0.26,30
Fred Stanley,R,70,165,0.216,10
Darryl Motley,R,69,196,0.243,44
Horace Clarke,B,69,170,0.256,27
Luis Aguayo,R,69,173,0.236,37
Dave Nelson,R,70,160,0.244,20
Ray Fosse,R,74,215,0.256,61
Jerry Koosman,R,74,205,0.119,2
Ed Spiezio,R,71,180,0.238,39
Joe Hague,L,72,195,0.239,40
Tom Hutton,L,71,180,0.248,22
Phil Niekro,R,73,180,0.169,7
Mike Fiore,L,72,175,0.227,13
Andres Mora,R,72,180,0.223,27
Ken Reitz,R,72,180,0.26,68
Dave Engle,R,75,210,0.262,31
Tommy Dean,R,72,165,0.18,4
Ron Roenicke,B,72,180,0.238,17
Chuck Harrison,R,70,185,0.238,17
Ron Clark,R,70,175,0.189,5
R.J. Reynolds,B,72,190,0.267,35
Cesar Tovar,R,69,155,0.278,46
Ron LeFlore,R,72,200,0.288,59
Pat Kelly,L,73,185,0.264,76
Len Randle,B,70,169,0.257,27
Pete LaCock,L,74,200,0.257,27
Mike Andrews,R,75,195,0.258,66
Rennie Stennett,R,71,160,0.274,41
Bob Davis,R,72,180,0.197,6
Jim Beauchamp,R,74,190,0.231,14
Jerry May,R,74,190,0.234,15
Jim Gosger,L,71,185,0.226,30
Pete Mackanin,R,74,190,0.226,30
Willie Crawford,L,73,197,0.268,86
Danny Walton,R,72,195,0.223,28
Bob Coluccio,R,71,183,0.22,26
Joel Youngblood,R,72,180,0.265,80
John Vukovich,R,73,187,0.161,6
Willie Norwood,R,72,185,0.242,18
Bruce Benedict,R,73,175,0.242,18
Ron Hunt,R,72,186,0.273,39
Tommie Aaron,R,75,190,0.229,13
Jerry Narron,L,75,205,0.211,21
Sam McDowell,L,77,190,0.154,2
Vern Fuller,R,73,170,0.232,14
Pat Putnam,L,72,205,0.255,63
Milt May,L,72,190,0.263,77
Tommie Reynolds,R,74,190,0.226,12
Ray Sadecki,L,71,180,0.191,5
John Boccabella,R,73,195,0.219,26
Larry Stahl,L,72,175,0.232,36
Jimmie Schaffer,R,69,170,0.223,11
Billy Cowan,R,72,170,0.236,40
Jack Hiatt,R,74,190,0.251,22
Paul Popovich,B,72,175,0.233,14
Tony Oliva,L,73,175,0.304,220
Butch Wynegar,B,73,190,0.255,65
Tommy Helms,R,70,165,0.269,34
Ken Landreaux,L,70,165,0.268,91
Johnny Jeter,R,73,180,0.244,18
Ted Kubiak,B,72,175,0.231,13
Al Oliver,L,72,195,0.303,219
Keith Moreland,R,72,190,0.279,121
Bob Brower,R,71,185,0.242,17
Larry Herndon,R,75,190,0.274,107
Mike Krukow,R,77,205,0.193,5
Al Woods,L,75,190,0.271,35
Hal King,L,73,200,0.214,24
Manny Sanguillen,R,72,193,0.296,65
Bobby Tolan,L,71,170,0.265,86
Rick Wise,R,73,180,0.195,15
Dalton Jones,L,73,180,0.235,41
John Kennedy,R,72,185,0.225,32
John Castino,R,71,175,0.278,41
Bob Watson,R,72,201,0.295,184
Tim Harkness,L,74,182,0.235,14
Jim Dwyer,L,70,165,0.26,77
Mike Shannon,R,75,195,0.255,68
Bob Dernier,R,72,160,0.255,23
Rico Carty,R,75,200,0.299,204
Dick Phillips,L,72,180,0.229,12
Doug Clemens,L,72,180,0.229,12
Doc Edwards,R,74,215,0.238,15
Dick Tracewski,R,71,160,0.213,8
Roy Howell,L,73,190,0.261,80
Walt Williams,R,66,165,0.27,33
Fran Healy,R,77,220,0.25,20
Joe Foy,R,72,215,0.248,58
Mark Brouhard,R,73,210,0.259,25
Ellis Valentine,R,76,205,0.278,123
Mickey Rivers,L,70,165,0.295,61
David Green,R,75,170,0.268,31
Ray Webster,L,72,185,0.244,17
Duffy Dyer,R,72,187,0.221,30
Jeff Torborg,R,72,195,0.214,8
Ed Charles,R,70,170,0.263,86
Johnny Ray,B,71,170,0.29,53
Pepe Mangual,R,70,157,0.242,16
Joe Nolan,L,71,175,0.263,27
Dave Hostetler,R,76,215,0.229,37
Gary Thomasson,L,73,180,0.249,61
Jerry White,B,70,164,0.253,21
Andres Thomas,R,73,170,0.234,42
Joe Charboneau,R,74,205,0.266,29
Curt Motton,R,68,164,0.213,25
Fritz Peterson,B,72,185,0.159,2
Dave Edwards,R,72,170,0.237,14
Ed Stroud,L,71,180,0.237,14
Art Shamsky,L,73,168,0.253,68
Bert Campaneris,R,70,160,0.259,79
Jim French,L,68,180,0.196,5
Adolfo Phillips,R,73,175,0.247,59
John Wockenfuss,R,72,190,0.262,86
Tim Cullen,R,73,185,0.22,9
Rick Auerbach,R,72,165,0.22,9
Ivan DeJesus,R,71,175,0.254,21
Mario Soto,R,72,174,0.132,1
Doug Camilli,R,71,195,0.199,18
Dave Roberts,R,75,215,0.239,49
Phil Gagliano,R,73,180,0.238,14
Jorge Orta,L,70,170,0.278,130
Steve Kemp,L,72,195,0.278,130
Duane Josephson,R,72,190,0.258,23
Bob Montgomery,R,73,195,0.258,23
Mike Hegan,L,73,188,0.242,53
Willie Aikens,L,75,220,0.271,110
Julian Javier,R,73,175,0.257,78
Al Cowens,R,73,197,0.27,108
Don Buford,B,67,160,0.264,93
Joe Wallis,B,71,180,0.244,16
Dick Davis,R,75,190,0.265,27
Larvell Blanks,R,68,167,0.253,20
Bake McBride,L,74,190,0.299,63
Ralph Garr,L,71,185,0.306,75
Bill Plummer,R,73,190,0.188,14
Bill Buckner,L,72,185,0.289,174
Denny McLain,R,73,185,0.133,1
Dave Collins,B,71,175,0.272,32
Dave Concepcion,R,74,155,0.267,101
Mel Stottlemyre,R,73,178,0.16,7
Buddy Biancalana,B,71,160,0.205,6
Danny Goodwin,L,73,195,0.236,13
Paul Schaal,R,71,165,0.244,57
Tom Grieve,R,74,190,0.249,65
Marc Hill,R,75,205,0.223,34
Jay Johnstone,L,73,175,0.267,102
Bob Chance,L,74,196,0.261,24
Craig Kusick,R,75,210,0.235,46
Ellie Rodriguez,R,71,185,0.245,16
Bernie Carbo,L,71,173,0.264,96
Mickey Hatcher,R,74,200,0.28,38
Doug Frobel,L,76,196,0.201,20
Gary Ward,R,74,195,0.276,130
Ron Blomberg,L,73,195,0.293,52
Larry Dierker,R,76,215,0.136,4
Dave Marshall,L,73,182,0.246,16
Ken Walters,R,73,180,0.231,11
Biff Pocoroba,B,70,175,0.257,21
Wayne Nordhagen,R,74,205,0.282,39
Dale Berra,R,72,180,0.236,49
Ken Holtzman,R,74,175,0.163,2
Tom Veryzer,R,73,175,0.241,14
Mickey Klutts,R,71,170,0.241,14
Vic Davalillo,L,67,150,0.279,36
Rick Miller,L,72,175,0.269,28
Tony Scott,B,72,164,0.249,17
Lou Clinton,R,73,185,0.247,65
Ollie Brown,R,74,178,0.265,102
Brian Giles,R,73,165,0.228,10
Hal McRae,R,71,180,0.29,191
Gates Brown,L,71,220,0.257,84
Jose Cruz,L,72,170,0.284,165
George Vukovich,L,72,198,0.268,27
Ike Brown,R,72,190,0.256,20
Andy Etchebarren,R,73,190,0.235,49
Bobby Klaus,R,70,170,0.208,6
Del Unser,L,73,180,0.258,87
Ted Sizemore,R,70,165,0.262,23
Rick Bosetti,R,71,185,0.25,17
Charlie Spikes,R,75,215,0.246,65
Larry Brown,R,70,160,0.233,47
Bobby Wine,R,73,187,0.215,30
Todd Cruz,R,72,175,0.22,34
Eric Soderholm,R,71,187,0.264,102
Von Joshua,L,70,170,0.273,30
Jim Lefebvre,B,72,180,0.251,74
Dick Howser,R,68,155,0.248,16
Bobby Cox,R,71,180,0.225,9
Gail Hopkins,L,70,198,0.266,25
Mike Davis,L,74,175,0.259,91
Hector Cruz,R,71,170,0.225,39
Cecil Cooper,L,74,165,0.298,241
Carl Morton,R,72,200,0.156,7
Dan Ford,R,73,185,0.27,121
Mike Vail,R,73,180,0.279,34
Jose Cardenal,R,70,150,0.275,138
Lee Mazzilli,B,73,180,0.259,93
Garth Iorg,R,71,170,0.258,20
Bob Barton,R,72,175,0.226,9
Jim Wohlford,R,71,175,0.26,21
Willie Montanez,L,72,170,0.275,139
Gary Nolan,R,74,197,0.138,1
Larry Biittner,L,74,205,0.273,29
Leon Durham,L,73,185,0.277,147
Glenn Adams,L,73,180,0.28,34
Jerry Morales,R,70,155,0.259,95
Otto Velez,R,72,170,0.251,78
Denny Doyle,L,69,175,0.25,16
Phil Linz,R,73,180,0.235,11
Tom Egan,R,76,218,0.2,22
Terry Humphrey,R,75,185,0.211,6
Bo Diaz,R,71,185,0.255,87
Mike Brown,R,74,195,0.265,23
Damaso Garcia,R,73,165,0.283,36
Kiko Garcia,R,71,180,0.239,12
Danny Thompson,R,72,183,0.248,15
J.R. Richard,R,80,222,0.168,10
Mike Young,B,74,195,0.247,72
Joe Torre,R,74,212,0.297,252
Pedro Garcia,R,70,175,0.22,37
Bill Schroeder,R,74,200,0.24,61
John Wathan,R,74,205,0.262,21
Cito Gaston,R,75,190,0.256,91
Stan Papi,R,72,170,0.218,7
Tom Brookens,R,70,165,0.246,71
Gary Woods,R,74,185,0.243,13
Rick Joseph,R,73,192,0.243,13
Steve Dillard,R,73,180,0.243,13
Tom Nieto,R,73,193,0.205,5
Bobby Knoop,R,73,170,0.236,56
Chuck Hinton,R,73,180,0.264,113
Ron Davis,R,72,175,0.233,10
Dan Meyer,L,71,180,0.253,86
Denny Lemaster,R,73,182,0.13,4
Terry Whitfield,L,73,197,0.281,33
Ron Washington,R,71,155,0.261,20
Billy North,B,71,185,0.261,20
Wayne Garrett,L,71,175,0.239,61
Al Weis,B,72,160,0.219,7
Jesus Alou,R,74,190,0.28,32
Ken Rudolph,R,73,180,0.213,6
Dave Hilton,R,71,191,0.213,6
Ken Hubbs,R,74,175,0.247,14
Bob Oliver,R,75,205,0.256,94
Bobby Darwin,R,74,190,0.251,83
Manny Jimenez,L,73,185,0.272,26
Glenn Hubbard,R,69,150,0.244,70
Claudell Washington,L,72,190,0.278,164
Sonny Siebert,R,75,190,0.173,12
Richie Zisk,R,73,200,0.287,207
Reid Nichols,R,71,165,0.266,22
Roberto Pena,R,68,170,0.245,13
Sandy Alomar,B,69,140,0.245,13
Rod Gilbreath,R,74,180,0.248,14
Tommy McCraw,L,72,183,0.246,75
Jerry Martin,R,73,195,0.251,85
Cesar Cedeno,R,74,175,0.285,199
Clay Dalrymple,L,72,190,0.233,55
Jim Ray Hart,R,71,185,0.278,170
Steve Renko,R,77,230,0.215,6
Rafael Santana,R,73,165,0.246,13
Phil Garner,R,70,175,0.26,109
Dave Chalk,R,70,175,0.252,15
Sal Butera,R,72,190,0.227,8
Dave Rosello,R,71,160,0.236,10
Mike Phillips,L,72,170,0.24,11
Greg Pryor,R,72,180,0.25,14
Johnny Oates,L,71,188,0.25,14
Jim Morrison,R,71,175,0.26,112
Donn Clendenon,R,76,209,0.274,159
Sixto Lezcano,R,70,165,0.271,148
Bill Sudakis,B,73,190,0.234,59
Russ Gibson,R,73,195,0.228,8
Hal Lanier,R,74,180,0.228,8
Greg Walker,L,75,205,0.26,113
Rick Reichardt,R,75,210,0.261,116
Sam Bowens,R,73,188,0.223,45
Willie Davis,L,74,180,0.279,182
Pete Ward,L,73,185,0.254,98
Elliott Maddox,R,71,180,0.261,18
Ron Swoboda,R,74,195,0.242,73
Dal Maxvill,R,71,157,0.217,6
Leroy Stanton,R,73,195,0.244,77
Ed Kranepool,L,75,205,0.261,118
Chris Chambliss,L,73,195,0.279,185
Hosken Powell,L,73,175,0.259,17
Steve Jeltz,B,71,180,0.21,5
Rusty Torres,B,70,175,0.212,35
Gary Alexander,R,74,195,0.23,55
Steve Garvey,R,70,192,0.294,272
Charley Smith,R,73,170,0.239,69
Don Wilson,R,74,195,0.146,1
Willie Upshaw,L,72,185,0.262,123
Tucker Ashford,R,73,195,0.218,6
Tito Landrum,R,71,175,0.249,13
Don Kessinger,B,73,170,0.252,14
Steve Ontiveros,B,72,185,0.274,24
Rod Carew,L,72,170,0.328,92
Jim Holt,L,72,180,0.265,19
Paul Casanova,R,76,180,0.225,50
Larry Hisle,R,74,193,0.273,166
Lee Thomas,L,74,195,0.255,106
Dave May,L,70,186,0.251,96
Barry Foote,R,75,205,0.23,57
Don Wert,R,70,162,0.242,77
Garry Hancock,L,72,175,0.247,12
Buddy Bradford,R,71,170,0.226,52
Roy White,B,70,160,0.271,160
Bob Boone,R,74,195,0.254,105
Burt Hooton,R,73,210,0.123,4
Billy Bryan,L,76,200,0.216,41
Bernie Allen,L,72,175,0.239,73
Jeffrey Leonard,R,74,200,0.266,144
Larry Harlow,L,74,185,0.248,12
Mike Lum,L,72,180,0.247,90
Ray Oyler,R,71,165,0.175,15
Buddy Bell,R,73,180,0.279,201
Bob Brenly,R,74,210,0.247,91
Amos Otis,R,71,165,0.277,193
Johnny Edwards,L,76,220,0.242,81
Leo Cardenas,R,71,150,0.257,118
Luis Alvarado,R,69,162,0.214,5
Frank Quilici,R,73,170,0.214,5
Jim Sundberg,R,72,190,0.248,95
Dan Driessen,L,71,187,0.267,153
Jim Northrup,L,75,190,0.267,153
Fred Whitfield,L,73,190,0.253,108
Rick Rhoden,R,75,195,0.238,9
Bob Knepper,L,75,195,0.137,6
Denis Menke,R,72,185,0.25,101
Alan Ashby,B,74,185,0.245,90
Ken Henderson,B,74,180,0.257,122
Dick Green,R,70,180,0.24,80
Ed Herrmann,L,73,195,0.24,80
Phil Roof,R,74,190,0.215,43
Butch Hobson,R,73,193,0.248,98
Ray Burris,R,77,200,0.151,1
Davey Johnson,R,73,170,0.261,136
Andy Kosco,R,75,205,0.236,73
Ted Simmons,B,71,193,0.285,248
Jim Fregosi,R,73,190,0.265,151
Larry Bowa,B,70,155,0.26,15
Steve Nicosia,R,70,185,0.248,11
Thad Bosley,L,75,175,0.272,20
Alan Bannister,R,71,170,0.27,19
Sandy Valdespino,L,68,170,0.23,7
Rick Leach,L,73,180,0.268,18
Richie Hebner,L,73,195,0.276,203
Bob Meacham,B,73,175,0.236,8
Joaquin Andujar,B,72,170,0.127,5
Ted Cox,R,75,195,0.245,10
John Lowenstein,L,72,175,0.253,116
George Mitterwald,R,74,195,0.236,76
Gary Matthews,R,74,185,0.281,234
Wayne Tolleson,B,69,160,0.241,9
Buck Martinez,R,70,190,0.225,58
Fergie Jenkins,R,77,205,0.165,13
Tom O'Malley,L,72,180,0.256,13
Jimmie Hall,L,72,175,0.254,121
Jimmy Stewart,B,72,165,0.237,8
Ken Singleton,B,76,210,0.282,246
Joe Simpson,L,75,175,0.242,9
Bob Horner,R,73,195,0.277,218
Catfish Hunter,R,72,190,0.226,6
Davey Lopes,R,69,170,0.263,155
Brian Asselstine,L,73,175,0.254,12
Tom Haller,L,76,195,0.257,134
Mike Jorgensen,L,72,195,0.243,95
Rick Sofield,L,73,195,0.243,9
Felix Millan,R,71,172,0.279,22
Rudy Law,L,73,165,0.271,18
Ed Kirkpatrick,L,71,195,0.238,85
Tommie Agee,R,71,195,0.255,130
Ed Brinkman,R,72,170,0.224,60
Jim Rice,R,74,200,0.298,382
Mike Ryan,R,74,205,0.193,28
Randy Hundley,R,71,170,0.236,82
Ozzie Virgil,R,73,180,0.243,98
Gaylord Perry,R,76,205,0.131,6
Joe Niekro,R,73,185,0.156,1
Tony Conigliaro,R,75,185,0.264,166
Tim Blackwell,B,71,170,0.228,6
Jose Morales,R,71,187,0.287,26
Daryl Sconiers,L,74,185,0.265,15
Domingo Ramos,R,70,154,0.24,8
Max Alvis,R,71,185,0.247,111
Jim Fairey,L,70,190,0.235,7
Dusty Baker,R,74,183,0.278,242
Jeff Newman,R,74,215,0.224,63
Wayne Krenchicki,L,73,180,0.266,15
Chet Lemon,R,72,190,0.273,215
Dick Bertell,R,72,200,0.25,10
Nick Esasky,R,75,200,0.25,122
Larry Milbourne,B,72,161,0.254,11
Joe Keough,L,72,185,0.246,9
Tommy Harper,R,69,165,0.257,146
Bud Harrelson,B,71,160,0.236,7
Don Hahn,R,73,180,0.236,7
Mickey Stanley,R,73,185,0.248,117
Dick Allen,R,71,187,0.292,351
Ken Retzer,L,72,185,0.264,14
Bob Molinaro,L,72,190,0.264,14
Chris Speier,R,73,175,0.246,112
Bob Tillman,R,76,205,0.232,79
Reggie Smith,B,72,180,0.287,314
Jerry Kenney,L,73,170,0.237,7
Glenn Beckert,R,73,190,0.283,22
Joe Rudi,R,74,200,0.264,179
Brad Wellman,R,72,170,0.231,6
Mack Jones,L,73,180,0.252,133
Gene Richards,L,72,175,0.29,26
Mario Mendoza,R,71,170,0.215,4
Tom Matchick,L,73,173,0.215,4
Joe Lahoud,L,73,198,0.223,65
Bobby Murcer,L,71,160,0.277,252
Jim Lyttle,L,72,180,0.248,9
Luis Melendez,R,72,165,0.248,9
Jerry Zimmerman,R,74,185,0.204,3
Johnny Briggs,L,73,190,0.253,139
Doug Flynn,R,71,165,0.238,7
Richie Scheinblum,B,73,180,0.263,13
Bobby Valentine,R,70,189,0.26,12
Gary Roenicke,R,75,205,0.247,121
Joe Lovitto,B,72,185,0.216,4
Pat Corrales,R,72,180,0.216,4
Ellie Hendricks,L,73,175,0.22,62
Pedro Gonzalez,R,72,176,0.244,8
Duke Sims,L,74,197,0.239,100
Tom Seaver,R,73,195,0.154,12
Don Mason,L,71,160,0.205,3
Dave Cash,R,71,170,0.283,21
Ben Oglivie,L,74,160,0.273,235
George Hendrick,R,75,195,0.278,267
Bubba Morton,R,70,175,0.267,14
John Bateman,R,75,210,0.23,81
Don Money,R,73,170,0.261,176
Mike Sadek,R,69,165,0.226,5
Paul Blair,R,72,168,0.25,134
John Milner,L,72,185,0.249,131
Fred Lynn,L,73,185,0.283,306
Jim Pankovits,R,70,170,0.25,9
Jim Barr,R,75,205,0.162,1
Ted Martinez,R,72,165,0.24,7
Bill Robinson,R,74,189,0.258,166
Rick Sweet,B,73,200,0.234,6
Roy Smalley,B,73,185,0.257,163
Ken Suarez,R,69,175,0.227,5
Toby Harrah,R,72,175,0.264,195
Oscar Gamble,L,71,160,0.265,200
Terry Francona,L,73,190,0.274,16
Bill Fahey,L,72,200,0.241,7
Frank Fernandez,R,72,185,0.199,39
Bob Robertson,R,73,195,0.242,115
Frank White,R,71,165,0.255,160
Merritt Ranew,L,71,170,0.247,8
Ed Romero,R,71,160,0.247,8
Rusty Staub,L,74,190,0.279,292
Tim Laudner,R,75,212,0.225,77
Jody Davis,R,76,192,0.245,127
Mike Brumley,L,70,195,0.229,5
Steve Barber,L,72,195,0.115,5
Jim Spencer,L,74,195,0.25,146
Ruppert Jones,L,70,170,0.25,147
Rich Coggins,L,68,170,0.265,12
Bill Freehan,R,75,203,0.262,200
Bill Melton,R,74,200,0.253,160
Earl Williams,R,75,215,0.247,138
Bobby Grich,R,74,180,0.266,224
Ty Cline,L,72,170,0.238,6
