,name,handedness,height,weight,avg,HR
1,Denny Lemaster,R,73,182,0.13,4
2,Joe Nolan,L,71,175,0.263,27
3,Denny Doyle,L,69,175,0.25,16
4,Jose Cardenal,R,70,150,0.275,138
5,Mike Ryan,R,74,205,0.193,28
6,Fritz Peterson,B,72,185,0.159,2
7,Dick Bertell,R,72,200,0.25,10
8,Rod Kanehl,R,73,180,0.241,6
12,Juan Bonilla,R,69,170,0.256,7
13,Frank Tepedino,L,71,185,0.241,6
15,Rick Wise,R,73,180,0.195,15
16,Darrell Evans,L,74,200,0.248,414
17,Buck Martinez,R,70,190,0.225,58
18,John Wockenfuss,R,72,190,0.262,86
19,Tommy McCraw,L,72,183,0.246,75
23,Lee Lacy,R,73,175,0.286,91
24,Pete Rose,B,71,192,0.303,160
25,Danny Walton,R,72,195,0.223,28
26,Bobby Cox,R,71,180,0.225,9
27,Brad Wellman,R,72,170,0.231,6
28,Jeff Newman,R,74,215,0.224,63
29,Pedro Gonzalez,R,72,176,0.244,8
31,Tommie Reynolds,R,74,190,0.226,12
32,Gene Clines,R,69,170,0.277,5
33,Jim Hickman,R,75,192,0.252,159
34,Jack Billingham,R,76,195,0.111,0
35,Jerry Buchek,R,71,185,0.22,22
36,Ivan DeJesus,R,71,175,0.254,21
37,Gary Nolan,R,74,197,0.138,1
39,Fred Whitfield,L,73,190,0.253,108
40,Larry Dierker,R,76,215,0.136,4
41,Dave Skaggs,R,74,200,0.241,3
42,Dick Ruthven,R,75,190,0.183,1
45,Dave Kingman,R,78,210,0.236,442
46,Eric Soderholm,R,71,187,0.264,102
48,Ed Brinkman,R,72,170,0.224,60
49,Wayne Garrett,L,71,175,0.239,61
50,Tony Muser,L,74,180,0.259,7
53,Ted Ford,R,70,180,0.219,17
55,Jim Lyttle,L,72,180,0.248,9
58,Scot Thompson,L,75,195,0.262,5
59,Gene Locklear,L,70,165,0.274,9
60,Bo Diaz,R,71,185,0.255,87
61,Bump Wills,B,69,172,0.266,36
63,Pat Putnam,L,72,205,0.255,63
64,Kurt Bevacqua,R,72,180,0.236,27
66,Syd O'Brien,R,73,185,0.23,24
67,Chris Chambliss,L,73,195,0.279,185
68,Tom Satriano,L,73,185,0.225,21
69,Jeffrey Leonard,R,74,200,0.266,144
70,Dal Maxvill,R,71,157,0.217,6
72,Cesar Tovar,R,69,155,0.278,46
73,Mickey Lolich,B,73,170,0.11,0
75,Jack Heidemann,R,72,175,0.211,9
76,Rich Rollins,R,70,185,0.269,77
77,Walt Bond,L,79,228,0.256,41
78,Merv Rettenmund,R,70,190,0.271,66
80,Byron Browne,R,74,190,0.236,30
81,Hector Torres,R,72,175,0.216,18
82,Walt Williams,R,66,165,0.27,33
83,Jerry Koosman,R,74,205,0.119,2
84,Steve Lombardozzi,R,72,175,0.233,20
85,Joe Azcue,R,72,190,0.252,50
86,Elliott Maddox,R,71,180,0.261,18
87,Omar Moreno,L,74,180,0.252,37
88,Julian Javier,R,73,175,0.257,78
90,Elio Chacon,R,69,160,0.232,4
91,Rusty Torres,B,70,175,0.212,35
92,John Stearns,R,72,185,0.26,46
93,Larry Brown,R,70,160,0.233,47
94,Tommy Dean,R,72,165,0.18,4
97,Marty Martinez,B,72,170,0.243,0
98,Bruce Boisclair,L,74,185,0.263,10
99,Ken Singleton,B,76,210,0.282,246
100,Frank White,R,71,165,0.255,160
101,Jim Fairey,L,70,190,0.235,7
103,Tom Brookens,R,70,165,0.246,71
104,Gary Thomasson,L,73,180,0.249,61
108,Otto Velez,R,72,170,0.251,78
109,Tony Scott,B,72,164,0.249,17
110,Ray Oyler,R,71,165,0.175,15
112,Floyd Robinson,L,69,175,0.283,67
113,Steve Jeltz,B,71,180,0.21,5
114,Lou Brock,L,71,170,0.293,149
116,Joe Lovitto,B,72,185,0.216,4
118,Wayne Comer,R,70,175,0.229,16
119,Dave Collins,B,71,175,0.272,32
120,Ed Spiezio,R,71,180,0.238,39
121,Rico Petrocelli,R,72,175,0.251,210
122,Johnny Lewis,L,73,189,0.227,22
123,Dick Simpson,R,76,176,0.207,15
124,Ken Boswell,L,72,170,0.248,31
125,Ken McMullen,R,75,190,0.248,156
127,Steve Swisher,R,74,205,0.216,20
129,Dick Howser,R,68,155,0.248,16
130,Manny Castillo,B,69,160,0.242,3
131,Mike Ramsey,B,73,170,0.24,2
132,Willie Crawford,L,73,197,0.268,86
134,Willie Norwood,R,72,185,0.242,18
136,Jeff Stone,L,72,175,0.277,11
138,Joe Lahoud,L,73,198,0.223,65
139,Tim Flannery,L,71,175,0.255,9
140,Dave McKay,B,73,195,0.229,21
144,Benny Ayala,R,73,185,0.251,38
146,Greg Gross,L,70,160,0.287,7
148,Sal Butera,R,72,190,0.227,8
149,Jack Brohamer,L,70,165,0.245,30
150,Von Joshua,L,70,170,0.273,30
151,Eddie Milner,L,71,173,0.253,42
152,Johnny Jeter,R,73,180,0.244,18
153,Angel Salazar,R,72,180,0.212,2
154,Tony Oliva,L,73,175,0.304,220
155,Cito Gaston,R,75,190,0.256,91
156,Cookie Rojas,R,70,160,0.263,54
157,Rich Morales,R,71,170,0.195,6
159,Dan Ford,R,73,185,0.27,121
161,Darryl Motley,R,69,196,0.243,44
162,Ozzie Virgil,R,73,180,0.243,98
163,Johnny Oates,L,71,188,0.25,14
165,Mike Phillips,L,72,170,0.24,11
166,Ron Santo,R,72,190,0.277,342
167,Jay Johnstone,L,73,175,0.267,102
168,Jim Ray Hart,R,71,185,0.278,170
169,Marc Hill,R,75,205,0.223,34
172,Chico Salmon,R,70,160,0.249,31
173,Joe Niekro,R,73,185,0.156,1
174,Andy Etchebarren,R,73,190,0.235,49
175,Ken Berry,R,72,175,0.255,58
176,Dave Concepcion,R,74,155,0.267,101
177,Junior Moore,R,71,185,0.264,7
178,Mike Richardt,R,72,170,0.226,4
179,Chris Brown,R,72,185,0.269,38
180,Al Bumbry,L,68,170,0.281,54
181,Al Downing,R,71,175,0.127,2
182,Bob Didier,B,72,190,0.229,0
183,Jake Gibbs,L,72,180,0.233,25
184,Garry Hancock,L,72,175,0.247,12
185,Ed Kranepool,L,75,205,0.261,118
186,Rick Rhoden,R,75,195,0.238,9
187,Denny McLain,R,73,185,0.133,1
188,Chuck Hiller,L,71,170,0.243,20
189,Jorge Orta,L,70,170,0.278,130
190,Dave Cash,R,71,170,0.283,21
191,Bucky Dent,R,69,170,0.247,40
194,Tony Gonzalez,L,69,170,0.286,103
196,Larry Haney,R,74,195,0.215,12
197,Billy Conigliaro,R,72,180,0.256,40
198,Gary Roenicke,R,75,205,0.247,121
199,Don Lock,R,74,195,0.238,122
200,Billy Cowan,R,72,170,0.236,40
201,Billy Smith,B,74,185,0.23,17
203,Tony Perez,R,74,175,0.279,379
204,Chuck Schilling,R,70,160,0.239,23
205,Hal McRae,R,71,180,0.29,191
206,Dave Roberts,R,75,215,0.239,49
208,Jim Lefebvre,B,72,180,0.251,74
211,Charlie Spikes,R,75,215,0.246,65
213,Steve Whitaker,L,72,180,0.23,24
214,Manny Jimenez,L,73,185,0.272,26
216,Duffy Dyer,R,72,187,0.221,30
217,Ken Henderson,B,74,180,0.257,122
220,Vern Fuller,R,73,170,0.232,14
222,Wayne Gross,L,74,210,0.233,121
223,Mike Champion,R,72,185,0.229,2
225,Paul Casanova,R,76,180,0.225,50
226,Steve Rogers,R,74,175,0.138,0
228,Terry Crowley,L,72,180,0.25,42
229,Horace Clarke,B,69,170,0.256,27
230,Lou Clinton,R,73,185,0.247,65
231,Larry Cox,R,70,178,0.221,12
232,Nate Colbert,R,74,190,0.243,173
233,Phil Roof,R,74,190,0.215,43
234,Chuck Hinton,R,73,180,0.264,113
235,Tim Cullen,R,73,185,0.22,9
236,Tim Harkness,L,74,182,0.235,14
237,Rick Bosetti,R,71,185,0.25,17
238,Ron Pruitt,R,72,185,0.269,12
239,George Foster,R,73,180,0.274,348
240,Jerry White,B,70,164,0.253,21
241,Angel Mangual,R,70,178,0.245,22
242,Ken Gerhart,R,72,190,0.221,24
243,Mike Hershberger,R,70,175,0.252,26
244,Jim French,L,68,180,0.196,5
245,Dave Roberts,L,75,195,0.194,7
246,Jim Mason,L,74,185,0.203,12
248,Willie Smith,L,72,182,0.248,46
250,Jose Arcia,R,75,170,0.215,1
251,Leon Durham,L,73,185,0.277,147
253,Paul Householder,B,72,180,0.236,29
254,Aurelio Rodriguez,R,70,180,0.237,124
255,Jimmy Stewart,B,72,165,0.237,8
256,Dick Phillips,L,72,180,0.229,12
257,Andres Thomas,R,73,170,0.234,42
258,Ed Crosby,L,74,175,0.22,0
259,Mike de la Hoz,R,71,175,0.251,25
260,Frank Taveras,R,72,155,0.255,2
261,Joe Nossek,R,72,178,0.228,3
262,Larry Stahl,L,72,175,0.232,36
263,Jose Cruz,L,72,170,0.284,165
264,Don Mason,L,71,160,0.205,3
265,Bill Robinson,R,74,189,0.258,166
267,Sal Bando,R,72,195,0.254,242
268,George Mitterwald,R,74,195,0.236,76
270,Craig Robinson,R,70,165,0.219,0
271,Bob Tillman,R,76,205,0.232,79
273,Pat Corrales,R,72,180,0.216,4
274,Mike Tyson,R,69,170,0.241,27
275,Rafael Landestoy,B,70,165,0.237,4
276,Duane Josephson,R,72,190,0.258,23
277,Duane Walker,L,72,185,0.229,24
278,Glenn Hubbard,R,69,150,0.244,70
279,Roger Freed,R,72,190,0.245,22
280,George Hendrick,R,75,195,0.278,267
281,Rod Carew,L,72,170,0.328,92
282,Bob Davis,R,72,180,0.197,6
283,Toby Harrah,R,72,175,0.264,195
284,Rick Manning,L,73,180,0.257,56
287,Gary Matthews,R,74,185,0.281,234
288,Cesar Geronimo,L,72,165,0.258,51
289,Billy Bryan,L,76,200,0.216,41
291,Terry Whitfield,L,73,197,0.281,33
292,Mario Mendoza,R,71,170,0.215,4
293,Fred Lynn,L,73,185,0.283,306
294,Larry Hisle,R,74,193,0.273,166
295,Graig Nettles,L,72,180,0.248,390
297,Dave Engle,R,75,210,0.262,31
299,Mike Easler,L,72,190,0.293,118
302,Rick Sweet,B,73,200,0.234,6
303,Thurman Munson,R,71,190,0.292,113
304,Rick Monday,L,75,193,0.264,241
305,Mike Sadek,R,69,165,0.226,5
306,Mark Belanger,R,73,170,0.228,20
307,Ron Hunt,R,72,186,0.273,39
308,Joe Keough,L,72,185,0.246,9
310,Vic Correll,R,70,185,0.229,29
311,Jackie Hernandez,R,71,165,0.208,12
312,Tony Solaita,L,72,210,0.255,50
313,U L Washington,B,71,175,0.251,27
316,Joe Foy,R,72,215,0.248,58
317,Ed Goodson,L,75,180,0.26,30
319,Mickey Klutts,R,71,170,0.241,14
320,Leroy Stanton,R,73,195,0.244,77
323,Danny Ainge,R,76,175,0.22,2
324,Adolfo Phillips,R,73,175,0.247,59
325,Marv Breeding,R,72,175,0.25,7
327,Dick McAuliffe,L,71,176,0.247,197
328,Joe Horlen,R,72,170,0.134,0
329,Glenn Burke,R,72,195,0.237,2
331,Terry Humphrey,R,75,185,0.211,6
333,Enzo Hernandez,R,68,155,0.224,2
334,Cesar Gutierrez,R,69,155,0.235,0
335,Coco Laboy,R,70,165,0.233,28
336,Ted Kubiak,B,72,175,0.231,13
337,Jim Morrison,R,71,175,0.26,112
339,Bobby Knoop,R,73,170,0.236,56
340,Bobby Brown,B,74,190,0.245,26
341,Tom Hutton,L,71,180,0.248,22
342,Ron Hodges,L,73,185,0.24,19
343,Rich Chiles,L,71,170,0.254,6
344,Tom Paciorek,R,76,215,0.282,86
345,Gary Woods,R,74,185,0.243,13
346,Bob Montgomery,R,73,195,0.258,23
347,Jeff Burroughs,R,73,200,0.261,240
348,Rusty Staub,L,74,190,0.279,292
349,Jim Norris,L,70,175,0.264,7
350,Oscar Gamble,L,71,160,0.265,200
352,George Vukovich,L,72,198,0.268,27
354,Craig Reynolds,L,73,175,0.256,42
355,Paul Blair,R,72,168,0.25,134
356,Al Cowens,R,73,197,0.27,108
357,Al Oliver,L,72,195,0.303,219
358,Dave Hilton,R,71,191,0.213,6
359,Luis Alvarado,R,69,162,0.214,5
360,Larry Parrish,R,75,190,0.263,256
361,Woodie Fryman,R,75,197,0.138,2
362,Bob Randall,R,74,175,0.257,1
363,Jim Pankovits,R,70,170,0.25,9
365,Carmen Fanzone,R,72,200,0.224,20
366,Gary Allenson,R,71,185,0.221,19
367,Milt May,L,72,190,0.263,77
368,Mike Vail,R,73,180,0.279,34
369,Nick Esasky,R,75,200,0.25,122
370,Jim Nettles,L,72,186,0.22,16
372,Chris Cannizzaro,R,72,190,0.235,18
373,Larry Biittner,L,74,205,0.273,29
375,Mel Stottlemyre,R,73,178,0.16,7
378,Roy Smalley,B,73,185,0.257,163
380,Andy Messersmith,R,73,200,0.17,5
381,Richie Zisk,R,73,200,0.287,207
382,Dave Chalk,R,70,175,0.252,15
383,Don Baylor,R,73,190,0.26,338
384,John Vukovich,R,73,187,0.161,6
385,Danny Thompson,R,72,183,0.248,15
386,Joe Simpson,L,75,175,0.242,9
387,Bill Fahey,L,72,200,0.241,7
388,Doug Camilli,R,71,195,0.199,18
389,Bernie Allen,L,72,175,0.239,73
390,Bruce Bochy,R,75,205,0.239,26
392,Claudell Washington,L,72,190,0.278,164
393,John Donaldson,L,71,160,0.238,4
395,John Mayberry,L,75,215,0.253,255
396,Ken Reitz,R,72,180,0.26,68
397,Amos Otis,R,71,165,0.277,193
398,Gene Alley,R,70,160,0.254,55
399,Ted Sizemore,R,70,165,0.262,23
400,Dan Briggs,L,72,180,0.195,12
402,Doug Flynn,R,71,165,0.238,7
404,Ken Holtzman,R,74,175,0.163,2
405,Pete Ward,L,73,185,0.254,98
406,Kevin Bell,R,72,195,0.222,13
407,Tom Nieto,R,73,193,0.205,5
408,Duke Sims,L,74,197,0.239,100
409,Larvell Blanks,R,68,167,0.253,20
411,Mike Davis,L,74,175,0.259,91
412,Jerry Reuss,L,77,200,0.167,1
413,Steve Yeager,R,72,190,0.228,102
414,Danny Goodwin,L,73,195,0.236,13
415,Bud Harrelson,B,71,160,0.236,7
416,Bob Knepper,L,75,195,0.137,6
417,Mickey Rivers,L,70,165,0.295,61
418,Jim Northrup,L,75,190,0.267,153
419,John Hale,L,74,195,0.201,14
421,Pedro Garcia,R,70,175,0.22,37
422,Carl Yastrzemski,L,71,175,0.285,452
425,Derrel Thomas,B,72,160,0.249,43
426,Art Howe,R,74,190,0.26,43
427,Ike Brown,R,72,190,0.256,20
428,Howie Goss,R,76,204,0.216,11
429,Glenn Borgmann,R,76,210,0.229,16
430,Lamar Johnson,R,74,215,0.287,64
431,Julio Gonzalez,R,71,162,0.235,4
432,Bobby Klaus,R,70,170,0.208,6
433,Manny Sanguillen,R,72,193,0.296,65
434,Gates Brown,L,71,220,0.257,84
435,Johnny Ray,B,71,170,0.29,53
436,Jesus Alou,R,74,190,0.28,32
437,Ken Landreaux,L,70,165,0.268,91
438,Enos Cabell,R,76,170,0.277,60
440,Billy North,B,71,185,0.261,20
441,Juan Beniquez,R,71,150,0.274,79
442,Frank Fernandez,R,72,185,0.199,39
443,Bombo Rivera,R,70,187,0.265,10
444,Steve Brye,R,72,190,0.258,30
445,Ron Jackson,R,72,200,0.259,56
446,Roger Metzger,B,72,165,0.231,5
447,Rufino Linares,R,72,170,0.27,11
448,Ray Webster,L,72,185,0.244,17
449,Bob Kearney,R,72,190,0.233,27
450,Fergie Jenkins,R,77,205,0.165,13
451,Dick Dietz,R,73,195,0.261,66
452,Ted Cox,R,75,195,0.245,10
453,Bobby Mitchell,L,70,170,0.243,3
454,Bobby Mitchell,R,75,185,0.235,21
455,Barry Evans,R,73,180,0.251,2
456,Mickey Brantley,R,70,180,0.259,32
457,Al Gallagher,R,72,180,0.263,11
459,Hector Cruz,R,71,170,0.225,39
460,Fred Norman,B,68,155,0.125,0
461,Woody Woodward,R,74,180,0.236,1
462,Ted Martinez,R,72,165,0.24,7
463,Jim Anderson,R,72,170,0.218,13
464,Lenn Sakata,R,69,160,0.23,25
465,Dave Duncan,R,74,190,0.214,109
466,Randy Jones,R,72,178,0.132,0
467,Dick Billings,R,73,195,0.227,16
469,Bruce Bochte,L,75,195,0.282,100
470,Bernie Carbo,L,71,173,0.264,96
471,Vic Davalillo,L,67,150,0.279,36
472,Burt Hooton,R,73,210,0.123,4
475,Fernando Gonzalez,R,70,165,0.235,17
476,Jim Sundberg,R,72,190,0.248,95
477,Andy Kosco,R,75,205,0.236,73
478,Steve Huntz,B,73,204,0.206,16
480,Lenny Faedo,R,72,170,0.251,5
481,John Lowenstein,L,72,175,0.253,116
482,Don Kessinger,B,73,170,0.252,14
483,Joe Hague,L,72,195,0.239,40
484,Bake McBride,L,74,190,0.299,63
485,Dick Davis,R,75,190,0.265,27
486,Richie Scheinblum,B,73,180,0.263,13
487,Ed Herrmann,L,73,195,0.24,80
490,Bob Molinaro,L,72,190,0.264,14
491,Mike Hegan,L,73,188,0.242,53
492,Mike Diaz,R,74,195,0.247,31
493,Tim Foli,R,72,179,0.251,25
494,Alan Knicely,R,72,190,0.213,12
495,Tim Laudner,R,75,212,0.225,77
496,Jose Morales,R,71,187,0.287,26
499,Juan Marichal,R,72,185,0.165,4
500,Vida Blue,B,72,189,0.104,4
503,Stan Papi,R,72,170,0.218,7
504,Rob Wilfong,L,73,180,0.248,39
506,Steve Henderson,R,74,190,0.28,68
507,Rob Picciolo,R,74,185,0.234,17
510,Roberto Pena,R,68,170,0.245,13
511,Bob Dernier,R,72,160,0.255,23
512,Bill Melton,R,74,200,0.253,160
513,Albert Hall,B,71,155,0.251,5
514,Barbaro Garbey,R,70,170,0.267,11
515,John Milner,L,72,185,0.249,131
516,Rich Reese,L,75,185,0.253,52
517,Chris Bando,B,72,195,0.227,27
518,Bill Buckner,L,72,185,0.289,174
519,Jack Hiatt,R,74,190,0.251,22
520,Nelson Mathews,R,76,195,0.223,22
521,Larry Lintz,B,69,150,0.227,0
522,Ron Theobald,R,68,165,0.248,2
524,Rafael Santana,R,73,165,0.246,13
525,Jerry Hairston,B,70,170,0.258,30
529,Tommie Aaron,R,75,190,0.229,13
530,Steve Dillard,R,73,180,0.243,13
533,George Scott,R,74,200,0.268,271
535,Ken Walters,R,73,180,0.231,11
536,Gorman Thomas,R,74,210,0.225,268
537,Paul Dade,R,73,185,0.27,10
538,Darrell Porter,L,72,193,0.247,188
539,Tim Johnson,L,73,170,0.223,0
540,Fred Stanley,R,70,165,0.216,10
541,Larry Bowa,B,70,155,0.26,15
542,Tim Corcoran,L,71,175,0.27,12
543,Jim Spencer,L,74,195,0.25,146
544,Pete LaCock,L,74,200,0.257,27
545,Carl Morton,R,72,200,0.156,7
546,Gary Gray,R,72,187,0.24,24
547,Matty Alou,L,69,160,0.307,31
549,Jim Dwyer,L,70,165,0.26,77
550,Dalton Jones,L,73,180,0.235,41
551,Rennie Stennett,R,71,160,0.274,41
553,Jerry May,R,74,190,0.234,15
554,Rich McKinney,R,71,185,0.225,20
555,Clint Hurdle,L,75,195,0.259,32
556,Mike Andrews,R,75,195,0.258,66
557,Bobby Clark,R,72,190,0.239,19
559,Cliff Johnson,R,76,215,0.258,196
561,Donn Clendenon,R,76,209,0.274,159
562,Charlie James,R,73,195,0.255,29
563,Bob Horner,R,73,195,0.277,218
564,Tom Veryzer,R,73,175,0.241,14
566,George Smith,R,70,170,0.205,9
567,Jim Essian,R,74,195,0.244,33
568,Onix Concepcion,R,66,160,0.239,3
569,Boots Day,L,69,160,0.256,8
570,Brian Giles,R,73,165,0.228,10
571,Garry Maddox,R,75,175,0.285,117
572,Alex Trevino,R,70,165,0.249,23
573,Jim Price,R,72,192,0.214,18
574,Felix Millan,R,71,172,0.279,22
575,Steve Garvey,R,70,192,0.294,272
576,Don Mincher,L,75,205,0.249,200
579,Tony Cloninger,R,72,210,0.192,11
580,Jim Gosger,L,71,185,0.226,30
581,Chuck Harrison,R,70,185,0.238,17
582,Mike Ivie,R,75,205,0.269,81
584,Bob Veale,B,78,212,0.114,0
585,Marvell Wynne,L,71,175,0.247,40
586,Dusty Baker,R,74,183,0.278,242
587,Tucker Ashford,R,73,195,0.218,6
588,Ned Yost,R,73,190,0.212,16
589,Bob Stinson,B,71,180,0.25,33
591,Gaylord Perry,R,76,205,0.131,6
592,Dave Marshall,L,73,182,0.246,16
593,Mickey Hatcher,R,74,200,0.28,38
594,Roger Repoz,L,75,190,0.224,82
596,John Orsino,R,75,215,0.249,40
598,Johnny Briggs,L,73,190,0.253,139
600,Dave Hostetler,R,76,215,0.229,37
601,Bob Jones,L,74,195,0.221,20
602,Keith Hernandez,L,72,180,0.296,162
604,Dean Chance,R,75,200,0.066,0
605,Willie Upshaw,L,72,185,0.262,123
606,Dick Green,R,70,180,0.24,80
607,Dane Iorg,L,72,180,0.276,14
608,Richie Hebner,L,73,195,0.276,203
609,Fran Healy,R,77,220,0.25,20
610,Doc Edwards,R,74,215,0.238,15
611,Sandy Alomar,B,69,140,0.245,13
612,Joe Strain,R,70,169,0.25,1
613,Gene Richards,L,72,175,0.29,26
614,Buddy Bell,R,73,180,0.279,201
615,Al Woods,L,75,190,0.271,35
616,Rudy Law,L,73,165,0.271,18
618,Jody Davis,R,76,192,0.245,127
619,Mike Edwards,R,70,154,0.25,2
622,Deron Johnson,R,74,200,0.244,245
623,John Denny,R,75,185,0.17,0
624,Don Wert,R,70,162,0.242,77
625,Mike Fiore,L,72,175,0.227,13
626,Miguel Dilone,B,72,160,0.265,6
627,Greg Luzinski,R,73,220,0.276,307
628,Bobby Tolan,L,71,170,0.265,86
631,Ron Woods,R,70,168,0.233,26
632,Tony Horton,R,75,210,0.268,76
633,Randy Hundley,R,71,170,0.236,82
634,Jose Tartabull,L,71,165,0.261,2
635,Ben Oglivie,L,74,160,0.273,235
637,Bob Johnson,R,70,175,0.272,44
638,Don Buford,B,67,160,0.264,93
639,Duane Kuiper,L,72,175,0.271,1
640,Brant Alyea,R,75,215,0.247,38
641,Jerry Narron,L,75,205,0.211,21
642,Lou Johnson,R,71,170,0.258,48
643,Ken Retzer,L,72,185,0.264,14
644,Mike Brown,R,74,195,0.265,23
646,Greg Walker,L,75,205,0.26,113
647,Terry Harper,R,76,195,0.253,36
648,Jerry Royster,R,72,165,0.249,40
651,Barry Bonnell,R,75,190,0.272,56
652,Tom Seaver,R,73,195,0.154,12
653,Jerry Martin,R,73,195,0.251,85
654,Bill Stein,R,70,170,0.267,44
655,Joel Youngblood,R,72,180,0.265,80
656,Reggie Jackson,L,72,195,0.262,563
657,Sonny Jackson,L,69,150,0.251,7
659,Rodney Scott,B,72,160,0.236,3
660,Rich Coggins,L,68,170,0.265,12
661,Phil Gagliano,R,73,180,0.238,14
662,Jerry McNertney,R,72,180,0.237,27
663,Mitchell Page,L,74,205,0.266,72
664,Kiko Garcia,R,71,180,0.239,12
665,Larry Milbourne,B,72,161,0.254,11
666,Bill Sudakis,B,73,190,0.234,59
668,Domingo Ramos,R,70,154,0.24,8
669,Ron Oester,B,74,185,0.265,42
670,Glenn Adams,L,73,180,0.28,34
672,Joe Morgan,L,67,160,0.271,268
673,R.J. Reynolds,B,72,190,0.267,35
675,Lee Thomas,L,74,195,0.255,106
676,Ray Fosse,R,74,215,0.256,61
677,Paul Popovich,B,72,175,0.233,14
678,John Stephenson,L,71,180,0.216,12
679,Doug Clemens,L,72,180,0.229,12
681,Orlando Mercado,R,72,180,0.199,7
682,Charley Smith,R,73,170,0.239,69
684,Buddy Biancalana,B,71,160,0.205,6
686,Bob Uecker,R,73,190,0.2,14
687,Felix Torres,R,71,165,0.254,27
688,Steve Braun,L,70,180,0.271,52
689,Ray Knight,R,73,185,0.271,84
690,Ty Cline,L,72,170,0.238,6
691,Thad Bosley,L,75,175,0.272,20
692,Bobby Grich,R,74,180,0.266,224
693,Jimmie Hall,L,72,175,0.254,121
694,John Boccabella,R,73,195,0.219,26
695,Brock Davis,L,70,160,0.26,1
697,Curt Blefary,L,74,195,0.237,112
700,Mack Jones,L,73,180,0.252,133
701,Buddy Bradford,R,71,170,0.226,52
702,Hosken Powell,L,73,175,0.259,17
704,Dave Stapleton,R,73,178,0.271,41
705,Gary Ward,R,74,195,0.276,130
706,Jim Lonborg,R,77,200,0.136,3
707,Joe Lis,R,72,175,0.233,32
708,Dan Meyer,L,71,180,0.253,86
709,Jim Holt,L,72,180,0.265,19
711,Larry Herndon,R,75,190,0.274,107
715,Wallace Johnson,B,72,173,0.255,5
717,Eddie Leon,R,72,170,0.236,24
719,Jim Wohlford,R,71,175,0.26,21
720,J.R. Richard,R,80,222,0.168,10
721,Bill Voss,L,74,160,0.227,19
722,Keith Moreland,R,72,190,0.279,121
724,Alex Johnson,R,72,205,0.288,78
725,Wayne Krenchicki,L,73,180,0.266,15
727,Dave Rosello,R,71,160,0.236,10
729,Paul Schaal,R,71,165,0.244,57
730,Tito Landrum,R,71,175,0.249,13
731,Dave Edwards,R,72,170,0.237,14
732,Mario Guerrero,R,70,155,0.257,7
733,Tom Tresh,B,73,180,0.245,153
735,Ron Roenicke,B,72,180,0.238,17
736,Doug Griffin,R,72,160,0.245,7
737,Steve Blass,R,72,165,0.172,1
738,Johnnie LeMaster,R,74,165,0.222,22
740,Nate Oliver,R,70,160,0.226,2
741,Ray Sadecki,L,71,180,0.191,5
742,Ken Rudolph,R,73,180,0.213,6
743,Wayne Nordhagen,R,74,205,0.282,39
744,Biff Pocoroba,B,70,175,0.257,21
745,Len Matuszek,L,74,190,0.234,30
747,Joe Lefebvre,L,70,170,0.258,31
748,Jim Maloney,L,74,190,0.201,7
749,Andre Robertson,R,70,155,0.251,5
750,Jerry Zimmerman,R,74,185,0.204,3
753,Chet Lemon,R,72,190,0.273,215
755,Phil Mankowski,L,72,180,0.264,8
756,Cleon Jones,R,72,185,0.281,93
757,Joaquin Andujar,B,72,170,0.127,5
758,Mike Lum,L,72,180,0.247,90
759,Johnny Grubb,L,75,175,0.278,99
760,Curt Motton,R,68,164,0.213,25
761,Johnny Bench,R,73,197,0.267,389
762,Dale Berra,R,72,180,0.236,49
764,Bob Meacham,B,73,175,0.236,8
766,Carl Warwick,R,70,170,0.248,31
767,Sam Bowens,R,73,188,0.223,45
768,George Wright,B,71,180,0.245,42
769,Luis Aguayo,R,69,173,0.236,37
770,Hal Lanier,R,74,180,0.228,8
772,Len Randle,B,70,169,0.257,27
773,Greg Pryor,R,72,180,0.25,14
774,Jim Traber,L,72,194,0.227,27
775,Dave Nelson,R,70,160,0.244,20
776,Lynn Jones,R,69,175,0.252,7
777,Bryan Little,B,70,160,0.245,3
778,Ken Suarez,R,69,175,0.227,5
779,Rick Peters,B,69,170,0.277,2
780,Ron Stone,L,74,185,0.241,6
782,Tommie Agee,R,71,195,0.255,130
783,Bob Bailey,R,73,180,0.257,189
784,Cap Peterson,R,74,195,0.23,19
785,Ted Uhlaender,L,74,190,0.263,36
786,Ted Simmons,B,71,193,0.285,248
787,Bobby Murcer,L,71,160,0.277,252
788,Dick Tracewski,R,71,160,0.213,8
791,Bill Nahorodny,R,74,200,0.241,25
792,Bill Madlock,R,71,180,0.305,163
793,Bob Boone,R,74,195,0.254,105
795,Steve Kemp,L,72,195,0.278,130
796,Rick Burleson,R,70,165,0.273,50
800,Carl Taylor,R,74,200,0.266,10
801,Terry Harmon,R,74,180,0.233,4
802,Mike Hargrove,L,72,195,0.29,80
804,Steve Hovley,L,70,188,0.258,8
805,Don Leppert,R,74,220,0.229,15
813,Lee May,R,75,195,0.267,354
815,Sam McDowell,L,77,190,0.154,2
816,Rick Renick,R,72,188,0.221,20
817,Jeff Torborg,R,72,195,0.214,8
818,Dave Campbell,R,73,180,0.213,20
819,Pat Kelly,L,73,185,0.264,76
820,Al Weis,B,72,160,0.219,7
821,Jerry Turner,L,69,180,0.257,45
822,Rick Auerbach,R,72,165,0.22,9
824,Don Wilson,R,74,195,0.146,1
827,Sandy Valdespino,L,68,170,0.23,7
831,Ken Phelps,L,73,209,0.239,123
832,Cesar Cedeno,R,74,175,0.285,199
834,Phil Linz,R,73,180,0.235,11
835,Manny Mota,R,70,160,0.304,31
837,Steve Renko,R,77,230,0.215,6
838,Rick Sofield,L,73,195,0.243,9
841,Doug DeCinces,R,74,190,0.259,237
842,John Castino,R,71,175,0.278,41
843,Dave May,L,70,186,0.251,96
844,Ron Washington,R,71,155,0.261,20
845,Billy Grabarkewitz,R,70,165,0.236,28
846,Willie Aikens,L,75,220,0.271,110
847,Earl Williams,R,75,215,0.247,138
850,Don Hahn,R,73,180,0.236,7
851,Todd Cruz,R,72,175,0.22,34
852,Tom Egan,R,76,218,0.2,22
853,Bob Heise,R,72,175,0.247,1
854,Tommy Harper,R,69,165,0.257,146
855,Joe Wallis,B,71,180,0.244,16
856,Max Alvis,R,71,185,0.247,111
857,Rico Carty,R,75,200,0.299,204
858,Mike Cubbage,L,72,180,0.258,34
860,Merritt Ranew,L,71,170,0.247,8
861,Lyman Bostock,L,73,180,0.311,23
862,Damaso Garcia,R,73,165,0.283,36
865,Roy Howell,L,73,190,0.261,80
866,Boog Powell,L,76,230,0.266,339
868,Sonny Siebert,R,75,190,0.173,12
870,Bobby Darwin,R,74,190,0.251,83
872,Dan Driessen,L,71,187,0.267,153
873,Bruce Miller,R,73,185,0.246,1
874,Bob Bailor,R,71,170,0.264,9
875,Tommy Helms,R,70,165,0.269,34
876,Tony Armas,R,71,182,0.252,251
877,Willie Horton,R,71,209,0.273,325
878,Lou Piniella,R,72,182,0.291,102
879,Butch Hobson,R,73,193,0.248,98
880,John Wathan,R,74,205,0.262,21
881,Hal King,L,73,200,0.214,24
882,Mike Krukow,R,77,205,0.193,5
883,Andres Mora,R,72,180,0.223,27
884,Barry Foote,R,75,205,0.23,57
885,Ed Ott,L,70,190,0.259,33
886,Alan Wiggins,B,74,160,0.259,5
887,Ron Clark,R,70,175,0.189,5
890,Julio Gotay,R,72,180,0.26,6
891,Gary Alexander,R,74,195,0.23,55
892,Andre Thornton,R,75,200,0.254,253
893,Bob Oliver,R,75,205,0.256,94
899,Bob Robertson,R,73,195,0.242,115
902,Ollie Brown,R,74,178,0.265,102
904,Frank Quilici,R,73,170,0.214,5
906,Joe Pepitone,L,74,185,0.258,219
907,Steve Barber,L,72,195,0.115,5
909,Norm Miller,L,70,185,0.238,24
912,Bob Chance,L,74,196,0.261,24
913,Julio Cruz,B,69,165,0.237,23
914,Bill Sample,R,69,175,0.272,46
917,Craig Kusick,R,75,210,0.235,46
918,Rudy Meoli,L,69,165,0.212,2
919,Ruppert Jones,L,70,170,0.25,147
920,Glenn Hoffman,R,73,175,0.242,23
921,Russ Gibson,R,73,195,0.228,8
923,Terry Francona,L,73,190,0.274,16
924,John Bateman,R,75,210,0.23,81
925,Luis Pujols,R,74,175,0.193,6
926,Joe Gaines,R,73,190,0.241,21
927,Doug Rader,R,74,208,0.251,155
928,Mickey Stanley,R,73,185,0.248,117
931,Phil Bradley,R,72,185,0.286,78
932,Winston Llenas,R,70,165,0.23,3
933,Charlie Moore,R,71,180,0.261,36
934,Ralph Garr,L,71,185,0.306,75
935,Tommy John,R,75,180,0.157,5
936,Bruce Benedict,R,73,175,0.242,18
937,John Ellis,R,74,225,0.262,69
938,Wes Parker,B,73,180,0.267,64
940,David Green,R,75,170,0.268,31
941,Reid Nichols,R,71,165,0.266,22
942,Rick Reichardt,R,75,210,0.261,116
943,Luis Tiant,R,72,180,0.164,5
945,Broderick Perkins,L,70,180,0.271,8
946,Leon Roberts,R,75,200,0.267,78
947,Ray Burris,R,77,200,0.151,1
948,Len Gabrielson,L,76,210,0.253,37
949,Johnny Edwards,L,76,220,0.242,81
951,Tom Grieve,R,74,190,0.249,65
953,Bob Forsch,R,76,200,0.213,12
955,Danny Cater,R,72,170,0.276,66
956,Bill Schroeder,R,74,200,0.24,61
957,Clay Dalrymple,L,72,190,0.233,55
958,Carlos May,L,71,200,0.274,90
959,Reggie Smith,B,72,180,0.287,314
960,Ron Reed,R,78,215,0.158,0
962,Davey Johnson,R,73,170,0.261,136
963,Ellis Valentine,R,76,205,0.278,123
964,Roy White,B,70,160,0.271,160
965,Mike Brumley,L,70,195,0.229,5
966,Al Luplow,L,70,175,0.235,33
968,Dick Allen,R,71,187,0.292,351
969,Doug Ault,R,75,200,0.236,17
970,Mark Wagner,R,72,165,0.243,3
972,Willie Stargell,L,74,188,0.282,475
973,Steve Carlton,L,76,210,0.201,13
974,Jake Wood,R,73,163,0.25,35
975,Del Unser,L,73,180,0.258,87
976,Bob Brower,R,71,185,0.242,17
977,Ray Culp,R,72,200,0.123,1
978,Ivan Murrell,R,74,195,0.236,33
979,Lee Mazzilli,B,73,180,0.259,93
980,Garth Iorg,R,71,170,0.258,20
981,Alan Ashby,B,74,185,0.245,90
982,Bob Brenly,R,74,210,0.247,91
983,Ron Blomberg,L,73,195,0.293,52
984,Jim Rooker,R,72,195,0.201,7
985,Tim Blackwell,B,71,170,0.228,6
987,Jerry Morales,R,70,155,0.259,95
988,Davey Lopes,R,69,170,0.263,155
989,Catfish Hunter,R,72,190,0.226,6
990,Mario Soto,R,72,174,0.132,1
991,Jimmy Wynn,R,70,160,0.25,291
992,Hank Allen,R,72,190,0.241,6
993,Jim Fregosi,R,73,190,0.265,151
994,Pepe Frias,R,70,159,0.24,1
995,Mike Schmidt,R,74,195,0.267,548
996,Willie Montanez,L,72,170,0.275,139
997,Rey Quinones,R,71,160,0.243,29
998,Mike Squires,L,71,185,0.26,6
999,Champ Summers,L,74,205,0.255,54
1001,Bert Campaneris,R,70,160,0.259,79
1002,Bobby Valentine,R,70,189,0.26,12
1003,Rob Andrews,R,72,185,0.251,3
1004,Tom Haller,L,76,195,0.257,134
1006,Ed Stroud,L,71,180,0.237,14
1007,Ron Swoboda,R,74,195,0.242,73
1008,Harry Spilman,L,73,180,0.237,18
1009,Bob Barton,R,72,175,0.226,9
1010,Daryl Sconiers,L,74,185,0.265,15
1011,Joe Torre,R,74,212,0.297,252
1012,Al Ferrara,R,73,200,0.259,51
1014,Sixto Lezcano,R,70,165,0.271,148
1016,Dave Nicholson,R,74,215,0.212,61
1017,Freddie Patek,R,65,148,0.242,41
1018,Ken Hubbs,R,74,175,0.247,14
1019,Pepe Mangual,R,70,157,0.242,16
1020,Leron Lee,L,72,196,0.25,31
1022,Steve Ontiveros,B,72,185,0.274,24
1023,Willie Davis,L,74,180,0.279,182
1024,Tom Lawless,R,71,170,0.207,2
1025,Jerry Moses,R,75,210,0.251,25
1026,Bobby Bonds,R,73,190,0.268,332
1027,Dave McNally,R,71,185,0.133,9
1028,Darrell Brown,B,72,184,0.274,1
1029,Roy Foster,R,72,185,0.253,45
1030,Denis Menke,R,72,185,0.25,101
1031,Hal Breeden,R,74,200,0.243,21
1032,Manny Trillo,R,73,150,0.263,61
1033,Jackie Gutierrez,R,71,175,0.237,4
1034,Jerry Kenney,L,73,170,0.237,7
1035,Fred Kendall,R,73,185,0.234,31
1036,Mike Anderson,R,74,200,0.246,28
1038,Joe Charboneau,R,74,205,0.266,29
1039,Jimmie Schaffer,R,69,170,0.223,11
1040,Junior Kennedy,R,71,175,0.248,4
1041,Wilbur Howard,B,74,170,0.25,6
1042,Rod Gilbreath,R,74,180,0.248,14
1043,Mark Brouhard,R,73,210,0.259,25
1045,Mike Young,B,74,195,0.247,72
1046,Chris Speier,R,73,175,0.246,112
1047,Gene Michael,B,74,183,0.229,15
1048,Vic Harris,B,71,165,0.217,13
1049,Mike Fischlin,R,73,165,0.22,3
1050,Don Money,R,73,170,0.261,176
1051,Joe Rudi,R,74,200,0.264,179
1052,Jim Rice,R,74,200,0.298,382
1055,Gil Garrido,R,69,150,0.237,1
1056,Marty Perez,R,71,160,0.246,22
1057,Tom Matchick,L,73,173,0.215,4
1058,Jack Perconte,L,70,160,0.27,2
1059,Ed Kirkpatrick,L,71,195,0.238,85
1060,Jerry Grote,R,70,185,0.252,39
1061,Ellie Hendricks,L,73,175,0.22,62
1062,Jim Beauchamp,R,74,190,0.231,14
1064,Tito Fuentes,B,71,175,0.268,45
1065,Ron Brand,R,67,167,0.239,3
1066,Leo Cardenas,R,71,150,0.257,118
1067,Art Shamsky,L,73,168,0.253,68
1069,Ron Cey,R,70,185,0.261,316
1070,Skip Jutze,R,71,190,0.215,3
1071,Butch Wynegar,B,73,190,0.255,65
1072,Ron LeFlore,R,72,200,0.288,59
1073,Bill Russell,R,72,175,0.263,46
1074,Gene Tenace,R,72,190,0.241,201
1075,Bubba Morton,R,70,175,0.267,14
1076,Ellie Rodriguez,R,71,185,0.245,16
1077,Darrel Chaney,B,74,188,0.217,14
1078,Dick Nen,L,74,200,0.224,21
1080,Bill Freehan,R,75,203,0.262,200
1081,Steve Nicosia,R,70,185,0.248,11
1082,Ted Savage,R,73,185,0.233,34
1083,Pete Mackanin,R,74,190,0.226,30
1084,Rich Dauer,R,72,180,0.257,43
1085,Mick Kelleher,R,69,176,0.213,0
1086,Rowland Office,L,72,170,0.259,32
1087,Rick Leach,L,73,180,0.268,18
1088,Dwayne Murphy,L,73,185,0.246,166
1089,Larry Harlow,L,74,185,0.248,12
1090,Mike Epstein,L,75,230,0.244,130
1091,Jerry Mumphrey,B,74,185,0.289,70
1092,Don Sutton,R,73,185,0.144,0
1093,Glenn Beckert,R,73,190,0.283,22
1094,Ron Davis,R,72,175,0.233,10
1095,Mike Shannon,R,75,195,0.255,68
1096,Jason Thompson,L,76,200,0.261,208
1097,Wayne Tolleson,B,69,160,0.241,9
1100,Mike Jorgensen,L,72,195,0.243,95
1101,Ed Romero,R,71,160,0.247,8
1102,Rick Joseph,R,73,192,0.243,13
1103,Cecil Cooper,L,74,165,0.298,241
1104,Bill Almon,R,75,180,0.254,36
1105,Joe Ferguson,R,74,200,0.24,122
1107,Jerry Terrell,R,71,165,0.253,4
1109,Dave Revering,L,76,210,0.265,62
1110,Curt Ford,L,70,150,0.245,7
1111,Jerry Dybzinski,R,74,180,0.234,3
1113,Bob Burda,L,71,174,0.224,13
1114,Jesse Gonder,L,70,180,0.251,26
1115,Gary Sutherland,R,72,185,0.243,24
1116,Bob Coluccio,R,71,183,0.22,26
1117,Dave Rader,L,71,165,0.257,30
1118,Ron Gardenhire,R,72,175,0.232,4
1119,Bill Sharp,L,70,178,0.255,9
1120,Alan Bannister,R,71,170,0.27,19
1121,Bob Watson,R,72,201,0.295,184
1122,Ken Harrelson,R,74,190,0.239,131
1123,Bobby Wine,R,73,187,0.215,30
1125,John Kennedy,R,72,185,0.225,32
1126,Chico Ruiz,B,72,169,0.24,2
1128,Gail Hopkins,L,70,198,0.266,25
1129,Doug Frobel,L,76,196,0.201,20
1130,Luis Melendez,R,72,165,0.248,9
1132,Bill Plummer,R,73,190,0.188,14
1133,Buck Rodgers,B,74,190,0.232,31
1134,Phil Niekro,R,73,180,0.169,7
1136,Tom Poquette,L,70,175,0.268,10
1138,Brian Asselstine,L,73,175,0.254,12
1139,Rick Miller,L,72,175,0.269,28
1140,Ed Charles,R,70,170,0.263,86
1141,Luis Gomez,R,69,150,0.21,0
1144,Floyd Rayford,R,70,190,0.244,38
1146,Tony Conigliaro,R,75,185,0.264,166
1148,Jim Barr,R,75,205,0.162,1
1149,Jerry Remy,L,69,165,0.275,7
1151,Frank Duffy,R,73,180,0.232,26
1153,Tom O'Malley,L,72,180,0.256,13
1154,Phil Garner,R,70,175,0.26,109
